Address_name,Address_number,Address_line1,Address_city,Address_postcode,Measure,Date_of_work,installer_license,umr,Your_measure_reference,ofgem_measure_name,Standard,PAS Annex,Lodgement_status,lodgement_date,Lodged_by,Certificate_id,
"",5,"Bexton Road","Knutsford",WA16 0EA,"Smart thermostat (pre-existing programmer and room thermostat)",18/11/2019,1624715,04n8DAEp6nd,"TM009M008",Smarttherm_[walltype]_preP&RT,PAS 2030:2017,C6,Complete,28/Nov/2019,1624715,5055
"",152,"Hardman Street","Manchester",M3 3JE,"Cavity wall insulation (0.040)",16/11/2019,1624715,0enXRoW1jBb,"TM009M003",,PAS 2030:2017,B1,Complete,24/Nov/2019,1624715,5044
"TrustMark",,"The Square","Basingstoke",RG24 4EB,"Cavity wall insulation (0.033)",05/11/2019,1624715,11a4w45vVB4,"",CWI_0.033,PAS 2030:2017,B1,Complete,11/Nov/2019,1624715,5030
"",5,"Bexton Road","Knutsford",WA16 0EA,"Smart thermostat (pre-existing programmer and room thermostat)",18/11/2019,1624715,11ngzoJq1a8,"TM009M008",Smarttherm_[walltype]_preP&RT,PAS 2030:2017,C6,Complete,28/Nov/2019,1624715,5054
"40",,"Rushworth Street","London",SE1 0QP,"",,,,"",,,,New,,,
"33",,"High Street","London",W5 5DB,"",,,,"",,,,New,,,
"",151,"Hardman Street","Manchester",M3 3JE,"",,,,"",,,,New,,ETech Test,
"",17,"Church Road","Wilmslow",SK9 6HH,"Higher performance external doors with greater than 60% glazing area",17/11/2019,1624715,51nXk5rWMad,"TM009M006",HPED_greater_60,PAS 2030:2017,B3,Complete,24/Nov/2019,1624715,5049
"",17,"Tollerton Lane","Tollerton",NG12 4GA,"Window glazing - improved double glazing",17/11/2019,1624715,54aVkk7ornd,"TM009M007",WG_improveddouble,PAS 2030:2017,B3,Complete,24/Nov/2019,1624715,5050
"",5,"Bexton Road","Knutsford",WA16 0EA,"Smart thermostat (pre-existing programmer and room thermostat)",18/11/2019,1624715,65BPLDY0ABd,"TM009M008",Smarttherm_[walltype]_preP&RT,PAS 2030:2017,C6,Complete,24/Nov/2019,1624715,5052
"33",,"High Holborn","London",WC1V 6AX,"",,,,"",,,,New,,,
"",2,"Bexton Road","Knutsford",WA16 0EA,"Window glazing - improved double glazing",17/11/2019,1624715,76aRJWm4Mad,"TM009M007",WG_improveddouble,PAS 2030:2017,B3,Complete,24/Nov/2019,1624715,5051
"",153,"Hardman Street","Manchester",M3 3JE,"Cavity wall insulation (0.040)",16/11/2019,1624715,8anXe8KYqNf,"TM009M003",CWI_0.040,PAS 2030:2017,B1,Complete,24/Nov/2019,1624715,5046
"",15,"Hardman Street","Manchester",M3 3JE,"",,,,"",,,,New,,ETech Test,
"",13,"Church Road","Wilmslow",SK9 6HH,"Cavity wall insulation (0.027)",18/11/2019,1624715,91Nd12vbXB2,"TM009M004",CWI_0.027,PAS 2030:2017,B1,Complete,24/Nov/2019,1624715,5048
"",5,"Bexton Road","Knutsford",WA16 0EA,"Smart thermostat (pre-existing programmer and room thermostat)",18/11/2019,1624715,bba4gelbKBc,"TM009M008",Smarttherm_[walltype]_preP&RT,PAS 2030:2017,C6,Complete,28/Nov/2019,1624715,5056
"",150,"Hardman Street","Manchester",M3 3JE,"Cavity wall insulation (0.040)",01/11/2019,1624715,dbByrOg51ab,"NBH003",,PAS 2030:2017,B1,Complete,24/Nov/2019,1624715,5047
"",5,"Bexton Road","Knutsford",WA16 0EA,"Smart thermostat (pre-existing programmer and room thermostat)",18/11/2019,1624715,efBOo2w3JBd,"TM009M008",Smarttherm_[walltype]_preP&RT,PAS 2030:2017,C6,Complete,28/Nov/2019,1624715,5057
"",153,"Hardman Street","Manchester",M3 3JE,"Cavity wall insulation (0.040)",16/11/2019,1624715,f1aLXOwOLa0,"TM009M003",CWI_0.040,PAS 2030:2017,B1,Superseded,24/Nov/2019,1624715,5045
